chromosome,region,coverage
1,1,865
1,2,922
1,3,865
1,4,903
1,5,909
1,6,1000
1,7,805
1,8,804
1,9,828
1,10,893
1,11,986
1,12,956
1,13,849
1,14,835
1,15,801
1,16,880
1,17,955
1,18,888
1,19,843
1,20,875
1,21,981
1,22,867
1,23,846
1,24,919
1,25,880
1,26,882
1,27,893
1,28,932
1,29,810
1,30,958
1,31,925
1,32,854
1,33,937
1,34,997
1,35,851
1,36,842
1,37,814
1,38,930
1,39,956
1,40,956
1,41,900
1,42,933
1,43,869
1,44,816
1,45,830
1,46,870
1,47,835
1,48,895
1,49,995
1,50,912
1,51,939
1,52,874
1,53,914
1,54,826
1,55,884
1,56,911
1,57,809
1,58,948
1,59,867
1,60,924
1,61,879
1,62,970
1,63,887
1,64,937
1,65,937
1,66,972
1,67,959
1,68,970
1,69,972
1,70,999
1,71,874
1,72,987
1,73,859
1,74,969
1,75,919
1,76,812
1,77,992
1,78,901
1,79,819
1,80,850
1,81,985
1,82,937
1,83,960
1,84,934
1,85,824
1,86,909
1,87,974
1,88,950
1,89,900
1,90,959
1,91,943
1,92,839
1,93,845
1,94,845
1,95,912
1,96,928
1,97,802
1,98,810
1,99,992
1,100,850
2,101,976
2,102,821
2,103,977
2,104,838
2,105,817
2,106,941
2,107,938
2,108,865
2,109,884
2,110,977
2,111,956
2,112,976
2,113,884
2,114,817
2,115,935
2,116,867
2,117,811
2,118,984
2,119,836
2,120,808
2,121,907
2,122,897
2,123,810
2,124,926
2,125,969
2,126,997
2,127,962
2,128,892
2,129,818
2,130,993
2,131,993
2,132,890
2,133,836
2,134,919
2,135,836
2,136,839
2,137,819
2,138,907
2,139,830
2,140,951
2,141,928
2,142,875
2,143,991
2,144,939
2,145,981
2,146,930
2,147,827
2,148,933
2,149,998
2,150,973
2,151,841
2,152,910
2,153,979
2,154,816
2,155,906
2,156,911
2,157,991
2,158,979
2,159,855
2,160,965
2,161,867
2,162,829
2,163,969
2,164,942
2,165,965
2,166,957
2,167,990
2,168,932
2,169,969
2,170,887
2,171,843
2,172,815
2,173,897
2,174,848
2,175,987
2,176,928
2,177,833
2,178,876
2,179,976
2,180,940
2,181,819
2,182,804
2,183,878
2,184,831
2,185,867
2,186,966
2,187,809
2,188,810
2,189,812
2,190,819
2,191,878
2,192,857
2,193,833
2,194,976
2,195,841
2,196,938
2,197,852
2,198,805
2,199,819
2,200,893
3,201,832
3,202,817
3,203,912
3,204,809
3,205,914
3,206,930
3,207,856
3,208,857
3,209,877
3,210,963
3,211,893
3,212,940
3,213,892
3,214,810
3,215,975
3,216,911
3,217,891
3,218,926
3,219,910
3,220,845
3,221,815
3,222,967
3,223,852
3,224,960
3,225,926
3,226,995
3,227,893
3,228,821
3,229,870
3,230,976
3,231,984
3,232,950
3,233,998
3,234,836
3,235,844
3,236,801
3,237,943
3,238,931
3,239,920
3,240,830
3,241,964
3,242,940
3,243,818
3,244,962
3,245,940
3,246,888
3,247,937
3,248,869
3,249,866
3,250,917
3,251,872
3,252,970
3,253,860
3,254,892
3,255,994
3,256,890
3,257,855
3,258,918
3,259,821
3,260,896
3,261,832
3,262,873
3,263,909
3,264,907
3,265,812
3,266,875
3,267,922
3,268,834
3,269,943
3,270,849
3,271,854
3,272,898
3,273,937
3,274,939
3,275,893
3,276,967
3,277,905
3,278,879
3,279,963
3,280,815
3,281,991
3,282,894
3,283,843
3,284,853
3,285,834
3,286,998
3,287,925
3,288,847
3,289,899
3,290,985
3,291,892
3,292,932
3,293,933
3,294,805
3,295,906
3,296,964
3,297,879
3,298,970
3,299,896
3,300,937
4,301,831
4,302,808
4,303,907
4,304,821
4,305,927
4,306,981
4,307,869
4,308,861
4,309,962
4,310,816
4,311,961
4,312,904
4,313,978
4,314,942
4,315,828
4,316,853
4,317,818
4,318,870
4,319,801
4,320,871
4,321,880
4,322,984
4,323,833
4,324,975
4,325,848
4,326,902
4,327,986
4,328,942
4,329,948
4,330,973
4,331,810
4,332,978
4,333,946
4,334,923
4,335,982
4,336,870
4,337,917
4,338,878
4,339,855
4,340,851
4,341,958
4,342,862
4,343,948
4,344,864
4,345,806
4,346,956
4,347,958
4,348,955
4,349,907
4,350,823
4,351,868
4,352,923
4,353,837
4,354,965
4,355,878
4,356,863
4,357,835
4,358,919
4,359,841
4,360,963
4,361,840
4,362,932
4,363,813
4,364,836
4,365,991
4,366,864
4,367,852
4,368,847
4,369,970
4,370,854
4,371,892
4,372,812
4,373,906
4,374,812
4,375,908
4,376,969
4,377,872
4,378,921
4,379,851
4,380,899
4,381,945
4,382,823
4,383,955
4,384,895
4,385,977
4,386,826
4,387,831
4,388,973
4,389,899
4,390,935
4,391,861
4,392,814
4,393,824
4,394,834
4,395,824
4,396,947
4,397,836
4,398,818
4,399,846
4,400,989
5,401,969
5,402,803
5,403,904
5,404,873
5,405,954
5,406,811
5,407,988
5,408,960
5,409,963
5,410,943
5,411,926
5,412,880
5,413,975
5,414,857
5,415,860
5,416,859
5,417,870
5,418,823
5,419,855
5,420,941
5,421,863
5,422,889
5,423,974
5,424,839
5,425,952
5,426,994
5,427,941
5,428,860
5,429,837
5,430,806
5,431,909
5,432,897
5,433,917
5,434,902
5,435,867
5,436,938
5,437,846
5,438,832
5,439,974
5,440,951
5,441,827
5,442,991
5,443,984
5,444,844
5,445,912
5,446,860
5,447,817
5,448,953
5,449,896
5,450,831
5,451,813
5,452,933
5,453,892
5,454,842
5,455,952
5,456,905
5,457,964
5,458,931
5,459,834
5,460,895
5,461,997
5,462,909
5,463,918
5,464,923
5,465,867
5,466,808
5,467,850
5,468,998
5,469,890
5,470,867
5,471,811
5,472,861
5,473,937
5,474,964
5,475,848
5,476,878
5,477,914
5,478,847
5,479,832
5,480,846
5,481,944
5,482,911
5,483,922
5,484,994
5,485,963
5,486,855
5,487,921
5,488,848
5,489,847
5,490,970
5,491,911
5,492,966
5,493,835
5,494,917
5,495,934
5,496,863
5,497,875
5,498,802
5,499,820
5,500,981
6,501,840
6,502,809
6,503,907
6,504,837
6,505,864
6,506,936
6,507,999
6,508,948
6,509,914
6,510,931
6,511,918
6,512,861
6,513,864
6,514,992
6,515,966
6,516,917
6,517,861
6,518,841
6,519,979
6,520,877
6,521,952
6,522,961
6,523,827
6,524,884
6,525,854
6,526,861
6,527,815
6,528,819
6,529,818
6,530,896
6,531,814
6,532,976
6,533,837
6,534,911
6,535,833
6,536,828
6,537,807
6,538,880
6,539,946
6,540,829
6,541,840
6,542,929
6,543,955
6,544,933
6,545,959
6,546,810
6,547,904
6,548,884
6,549,976
6,550,933
6,551,809
6,552,885
6,553,879
6,554,979
6,555,932
6,556,915
6,557,853
6,558,909
6,559,869
6,560,910
6,561,901
6,562,804
6,563,925
6,564,810
6,565,811
6,566,831
6,567,986
6,568,937
6,569,903
6,570,868
6,571,836
6,572,870
6,573,825
6,574,828
6,575,818
6,576,830
6,577,916
6,578,982
6,579,984
6,580,992
6,581,966
6,582,944
6,583,834
6,584,921
6,585,986
6,586,869
6,587,983
6,588,833
6,589,929
6,590,941
6,591,874
6,592,837
6,593,867
6,594,813
6,595,839
6,596,880
6,597,954
6,598,867
6,599,986
6,600,982
7,601,868
7,602,982
7,603,870
7,604,833
7,605,855
7,606,854
7,607,951
7,608,898
7,609,990
7,610,828
7,611,938
7,612,888
7,613,856
7,614,810
7,615,804
7,616,808
7,617,853
7,618,954
7,619,813
7,620,900
7,621,880
7,622,940
7,623,891
7,624,964
7,625,831
7,626,902
7,627,940
7,628,874
7,629,898
7,630,871
7,631,820
7,632,830
7,633,949
7,634,965
7,635,833
7,636,828
7,637,964
7,638,982
7,639,813
7,640,983
7,641,924
7,642,969
7,643,962
7,644,847
7,645,960
7,646,808
7,647,960
7,648,881
7,649,815
7,650,967
7,651,879
7,652,850
7,653,894
7,654,838
7,655,897
7,656,944
7,657,868
7,658,969
7,659,867
7,660,970
7,661,963
7,662,911
7,663,910
7,664,920
7,665,871
7,666,813
7,667,950
7,668,861
7,669,945
7,670,915
7,671,961
7,672,908
7,673,816
7,674,907
7,675,980
7,676,983
7,677,805
7,678,994
7,679,830
7,680,895
7,681,983
7,682,906
7,683,840
7,684,856
7,685,877
7,686,900
7,687,908
7,688,921
7,689,814
7,690,809
7,691,870
7,692,972
7,693,944
7,694,975
7,695,908
7,696,893
7,697,831
7,698,929
7,699,938
7,700,983
8,701,904
8,702,836
8,703,977
8,704,867
8,705,913
8,706,822
8,707,810
8,708,984
8,709,839
8,710,940
8,711,874
8,712,861
8,713,818
8,714,809
8,715,985
8,716,939
8,717,989
8,718,947
8,719,983
8,720,896
8,721,888
8,722,942
8,723,967
8,724,920
8,725,852
8,726,902
8,727,830
8,728,911
8,729,915
8,730,816
8,731,832
8,732,974
8,733,970
8,734,946
8,735,972
8,736,829
8,737,819
8,738,951
8,739,916
8,740,803
8,741,934
8,742,979
8,743,812
8,744,855
8,745,876
8,746,813
8,747,961
8,748,944
8,749,992
8,750,925
8,751,827
8,752,952
8,753,801
8,754,994
8,755,814
8,756,937
8,757,999
8,758,946
8,759,993
8,760,861
8,761,856
8,762,925
8,763,849
8,764,881
8,765,880
8,766,984
8,767,927
8,768,898
8,769,847
8,770,970
8,771,979
8,772,981
8,773,866
8,774,977
8,775,925
8,776,921
8,777,986
8,778,985
8,779,935
8,780,982
8,781,903
8,782,829
8,783,849
8,784,958
8,785,946
8,786,956
8,787,969
8,788,948
8,789,880
8,790,932
8,791,913
8,792,932
8,793,953
8,794,909
8,795,822
8,796,944
8,797,930
8,798,957
8,799,857
8,800,940
9,801,903
9,802,834
9,803,898
9,804,983
9,805,844
9,806,868
9,807,855
9,808,896
9,809,849
9,810,936
9,811,947
9,812,996
9,813,975
9,814,965
9,815,852
9,816,949
9,817,976
9,818,886
9,819,904
9,820,813
9,821,835
9,822,950
9,823,819
9,824,894
9,825,909
9,826,970
9,827,918
9,828,994
9,829,914
9,830,966
9,831,816
9,832,854
9,833,922
9,834,965
9,835,932
9,836,800
9,837,886
9,838,820
9,839,875
9,840,896
9,841,870
9,842,998
9,843,983
9,844,933
9,845,840
9,846,846
9,847,999
9,848,948
9,849,864
9,850,972
9,851,950
9,852,830
9,853,882
9,854,822
9,855,922
9,856,877
9,857,973
9,858,856
9,859,850
9,860,970
9,861,846
9,862,893
9,863,988
9,864,986
9,865,964
9,866,982
9,867,997
9,868,899
9,869,981
9,870,896
9,871,886
9,872,940
9,873,961
9,874,873
9,875,889
9,876,925
9,877,906
9,878,893
9,879,933
9,880,991
9,881,943
9,882,884
9,883,961
9,884,930
9,885,894
9,886,971
9,887,901
9,888,933
9,889,888
9,890,853
9,891,825
9,892,946
9,893,842
9,894,941
9,895,979
9,896,812
9,897,873
9,898,875
9,899,889
9,900,940
10,901,925
10,902,955
10,903,829
10,904,803
10,905,840
10,906,927
10,907,984
10,908,939
10,909,834
10,910,890
10,911,975
10,912,963
10,913,801
10,914,836
10,915,958
10,916,929
10,917,979
10,918,948
10,919,822
10,920,951
10,921,847
10,922,905
10,923,994
10,924,971
10,925,917
10,926,872
10,927,965
10,928,979
10,929,871
10,930,978
10,931,834
10,932,984
10,933,865
10,934,802
10,935,806
10,936,805
10,937,809
10,938,847
10,939,851
10,940,894
10,941,935
10,942,857
10,943,842
10,944,837
10,945,946
10,946,805
10,947,945
10,948,985
10,949,801
10,950,965
10,951,936
10,952,928
10,953,970
10,954,895
10,955,949
10,956,883
10,957,976
10,958,860
10,959,824
10,960,961
10,961,985
10,962,820
10,963,883
10,964,954
10,965,988
10,966,909
10,967,921
10,968,841
10,969,961
10,970,847
10,971,854
10,972,968
10,973,819
10,974,979
10,975,931
10,976,988
10,977,861
10,978,936
10,979,843
10,980,863
10,981,964
10,982,910
10,983,977
10,984,810
10,985,892
10,986,995
10,987,877
10,988,838
10,989,844
10,990,882
10,991,899
10,992,995
10,993,931
10,994,826
10,995,908
10,996,957
10,997,963
10,998,996
10,999,847
10,1000,835
11,1001,842
11,1002,882
11,1003,802
11,1004,843
11,1005,949
11,1006,809
11,1007,937
11,1008,992
11,1009,853
11,1010,816
11,1011,959
11,1012,845
11,1013,851
11,1014,812
11,1015,903
11,1016,811
11,1017,847
11,1018,941
11,1019,818
11,1020,958
11,1021,900
11,1022,878
11,1023,999
11,1024,831
11,1025,993
11,1026,815
11,1027,910
11,1028,914
11,1029,911
11,1030,981
11,1031,956
11,1032,958
11,1033,967
11,1034,824
11,1035,884
11,1036,820
11,1037,923
11,1038,950
11,1039,977
11,1040,825
11,1041,892
11,1042,907
11,1043,963
11,1044,943
11,1045,816
11,1046,936
11,1047,814
11,1048,983
11,1049,806
11,1050,968
11,1051,860
11,1052,872
11,1053,828
11,1054,856
11,1055,814
11,1056,957
11,1057,837
11,1058,810
11,1059,944
11,1060,997
11,1061,817
11,1062,895
11,1063,996
11,1064,812
11,1065,896
11,1066,926
11,1067,895
11,1068,805
11,1069,917
11,1070,866
11,1071,829
11,1072,845
11,1073,980
11,1074,908
11,1075,944
11,1076,857
11,1077,898
11,1078,903
11,1079,977
11,1080,836
11,1081,825
11,1082,971
11,1083,810
11,1084,868
11,1085,975
11,1086,988
11,1087,849
11,1088,976
11,1089,888
11,1090,914
11,1091,899
11,1092,879
11,1093,984
11,1094,883
11,1095,980
11,1096,916
11,1097,831
11,1098,975
11,1099,972
11,1100,894
12,1101,959
12,1102,894
12,1103,865
12,1104,990
12,1105,863
12,1106,836
12,1107,875
12,1108,972
12,1109,811
12,1110,938
12,1111,994
12,1112,981
12,1113,909
12,1114,878
12,1115,875
12,1116,942
12,1117,819
12,1118,844
12,1119,822
12,1120,851
12,1121,849
12,1122,987
12,1123,834
12,1124,907
12,1125,841
12,1126,883
12,1127,841
12,1128,964
12,1129,924
12,1130,872
12,1131,882
12,1132,906
12,1133,901
12,1134,892
12,1135,813
12,1136,931
12,1137,934
12,1138,821
12,1139,977
12,1140,962
12,1141,987
12,1142,917
12,1143,937
12,1144,942
12,1145,957
12,1146,842
12,1147,871
12,1148,937
12,1149,821
12,1150,819
12,1151,802
12,1152,841
12,1153,938
12,1154,847
12,1155,860
12,1156,951
12,1157,919
12,1158,946
12,1159,883
12,1160,847
12,1161,823
12,1162,801
12,1163,958
12,1164,999
12,1165,865
12,1166,818
12,1167,871
12,1168,991
12,1169,920
12,1170,961
12,1171,837
12,1172,912
12,1173,873
12,1174,806
12,1175,916
12,1176,903
12,1177,845
12,1178,915
12,1179,876
12,1180,967
12,1181,903
12,1182,993
12,1183,988
12,1184,862
12,1185,927
12,1186,864
12,1187,867
12,1188,901
12,1189,999
12,1190,851
12,1191,958
12,1192,886
12,1193,909
12,1194,977
12,1195,879
12,1196,893
12,1197,948
12,1198,935
12,1199,824
12,1200,994
13,1201,804
13,1202,904
13,1203,844
13,1204,935
13,1205,874
13,1206,941
13,1207,813
13,1208,880
13,1209,922
13,1210,980
13,1211,933
13,1212,963
13,1213,925
13,1214,825
13,1215,888
13,1216,897
13,1217,913
13,1218,814
13,1219,970
13,1220,812
13,1221,936
13,1222,981
13,1223,857
13,1224,936
13,1225,876
13,1226,972
13,1227,867
13,1228,815
13,1229,801
13,1230,929
13,1231,832
13,1232,978
13,1233,870
13,1234,888
13,1235,996
13,1236,914
13,1237,871
13,1238,850
13,1239,925
13,1240,823
13,1241,811
13,1242,847
13,1243,951
13,1244,873
13,1245,968
13,1246,892
13,1247,849
13,1248,816
13,1249,873
13,1250,935
13,1251,936
13,1252,955
13,1253,939
13,1254,827
13,1255,969
13,1256,870
13,1257,835
13,1258,973
13,1259,979
13,1260,807
13,1261,928
13,1262,971
13,1263,904
13,1264,864
13,1265,871
13,1266,842
13,1267,971
13,1268,952
13,1269,943
13,1270,836
13,1271,855
13,1272,962
13,1273,874
13,1274,903
13,1275,815
13,1276,948
13,1277,941
13,1278,881
13,1279,876
13,1280,837
13,1281,989
13,1282,811
13,1283,847
13,1284,929
13,1285,922
13,1286,995
13,1287,857
13,1288,973
13,1289,959
13,1290,963
13,1291,819
13,1292,858
13,1293,882
13,1294,945
13,1295,942
13,1296,887
13,1297,821
13,1298,877
13,1299,878
13,1300,984
14,1301,974
14,1302,943
14,1303,801
14,1304,936
14,1305,961
14,1306,838
14,1307,849
14,1308,854
14,1309,898
14,1310,984
14,1311,962
14,1312,827
14,1313,803
14,1314,907
14,1315,944
14,1316,894
14,1317,832
14,1318,828
14,1319,856
14,1320,828
14,1321,966
14,1322,881
14,1323,997
14,1324,930
14,1325,846
14,1326,842
14,1327,864
14,1328,986
14,1329,868
14,1330,919
14,1331,961
14,1332,970
14,1333,935
14,1334,823
14,1335,921
14,1336,871
14,1337,810
14,1338,983
14,1339,831
14,1340,938
14,1341,823
14,1342,852
14,1343,825
14,1344,990
14,1345,938
14,1346,835
14,1347,965
14,1348,977
14,1349,905
14,1350,937
14,1351,948
14,1352,864
14,1353,841
14,1354,805
14,1355,816
14,1356,820
14,1357,850
14,1358,807
14,1359,952
14,1360,904
14,1361,821
14,1362,808
14,1363,958
14,1364,871
14,1365,856
14,1366,939
14,1367,909
14,1368,957
14,1369,852
14,1370,930
14,1371,864
14,1372,819
14,1373,896
14,1374,882
14,1375,974
14,1376,932
14,1377,896
14,1378,949
14,1379,892
14,1380,861
14,1381,865
14,1382,879
14,1383,815
14,1384,1000
14,1385,836
14,1386,914
14,1387,861
14,1388,812
14,1389,853
14,1390,870
14,1391,958
14,1392,934
14,1393,842
14,1394,916
14,1395,892
14,1396,930
14,1397,853
14,1398,821
14,1399,850
14,1400,956
15,1401,855
15,1402,947
15,1403,882
15,1404,910
15,1405,808
15,1406,812
15,1407,827
15,1408,947
15,1409,955
15,1410,994
15,1411,882
15,1412,816
15,1413,831
15,1414,867
15,1415,992
15,1416,819
15,1417,853
15,1418,939
15,1419,842
15,1420,820
15,1421,956
15,1422,973
15,1423,810
15,1424,939
15,1425,882
15,1426,961
15,1427,877
15,1428,832
15,1429,1000
15,1430,813
15,1431,871
15,1432,963
15,1433,822
15,1434,843
15,1435,802
15,1436,901
15,1437,821
15,1438,987
15,1439,974
15,1440,840
15,1441,954
15,1442,888
15,1443,992
15,1444,933
15,1445,903
15,1446,958
15,1447,960
15,1448,816
15,1449,901
15,1450,900
15,1451,915
15,1452,864
15,1453,972
15,1454,871
15,1455,937
15,1456,907
15,1457,936
15,1458,880
15,1459,936
15,1460,885
15,1461,817
15,1462,1000
15,1463,811
15,1464,874
15,1465,922
15,1466,951
15,1467,937
15,1468,833
15,1469,901
15,1470,972
15,1471,933
15,1472,836
15,1473,886
15,1474,983
15,1475,896
15,1476,999
15,1477,933
15,1478,849
15,1479,868
15,1480,868
15,1481,939
15,1482,868
15,1483,841
15,1484,958
15,1485,921
15,1486,968
15,1487,894
15,1488,904
15,1489,945
15,1490,924
15,1491,805
15,1492,842
15,1493,816
15,1494,992
15,1495,973
15,1496,835
15,1497,957
15,1498,819
15,1499,807
15,1500,998
16,1501,977
16,1502,923
16,1503,855
16,1504,933
16,1505,806
16,1506,941
16,1507,933
16,1508,992
16,1509,943
16,1510,889
16,1511,978
16,1512,894
16,1513,899
16,1514,960
16,1515,997
16,1516,871
16,1517,857
16,1518,813
16,1519,978
16,1520,946
16,1521,862
16,1522,967
16,1523,816
16,1524,940
16,1525,894
16,1526,889
16,1527,928
16,1528,930
16,1529,840
16,1530,966
16,1531,933
16,1532,824
16,1533,893
16,1534,935
16,1535,821
16,1536,801
16,1537,926
16,1538,945
16,1539,817
16,1540,865
16,1541,964
16,1542,962
16,1543,999
16,1544,990
16,1545,865
16,1546,944
16,1547,879
16,1548,870
16,1549,943
16,1550,966
16,1551,951
16,1552,838
16,1553,824
16,1554,971
16,1555,878
16,1556,834
16,1557,854
16,1558,874
16,1559,980
16,1560,950
16,1561,878
16,1562,833
16,1563,831
16,1564,909
16,1565,820
16,1566,964
16,1567,813
16,1568,929
16,1569,852
16,1570,860
16,1571,848
16,1572,986
16,1573,978
16,1574,912
16,1575,944
16,1576,960
16,1577,868
16,1578,927
16,1579,831
16,1580,872
16,1581,901
16,1582,899
16,1583,927
16,1584,849
16,1585,804
16,1586,859
16,1587,985
16,1588,865
16,1589,955
16,1590,873
16,1591,913
16,1592,987
16,1593,945
16,1594,893
16,1595,891
16,1596,853
16,1597,862
16,1598,870
16,1599,966
16,1600,904
17,1601,905
17,1602,829
17,1603,878
17,1604,891
17,1605,919
17,1606,920
17,1607,951
17,1608,853
17,1609,819
17,1610,952
17,1611,862
17,1612,927
17,1613,945
17,1614,920
17,1615,801
17,1616,992
17,1617,823
17,1618,850
17,1619,899
17,1620,886
17,1621,859
17,1622,832
17,1623,906
17,1624,938
17,1625,817
17,1626,963
17,1627,828
17,1628,946
17,1629,829
17,1630,941
17,1631,823
17,1632,838
17,1633,956
17,1634,948
17,1635,900
17,1636,826
17,1637,963
17,1638,911
17,1639,950
17,1640,817
17,1641,868
17,1642,921
17,1643,872
17,1644,879
17,1645,924
17,1646,851
17,1647,821
17,1648,824
17,1649,873
17,1650,910
17,1651,878
17,1652,909
17,1653,895
17,1654,829
17,1655,972
17,1656,947
17,1657,956
17,1658,917
17,1659,810
17,1660,972
17,1661,994
17,1662,988
17,1663,961
17,1664,925
17,1665,993
17,1666,913
17,1667,933
17,1668,811
17,1669,981
17,1670,986
17,1671,965
17,1672,863
17,1673,877
17,1674,851
17,1675,827
17,1676,819
17,1677,903
17,1678,953
17,1679,813
17,1680,954
17,1681,900
17,1682,895
17,1683,927
17,1684,935
17,1685,853
17,1686,883
17,1687,994
17,1688,813
17,1689,919
17,1690,973
17,1691,829
17,1692,933
17,1693,817
17,1694,914
17,1695,966
17,1696,965
17,1697,848
17,1698,951
17,1699,831
17,1700,946
18,1701,844
18,1702,956
18,1703,801
18,1704,922
18,1705,827
18,1706,901
18,1707,817
18,1708,963
18,1709,978
18,1710,995
18,1711,810
18,1712,856
18,1713,981
18,1714,852
18,1715,969
18,1716,828
18,1717,841
18,1718,943
18,1719,953
18,1720,809
18,1721,885
18,1722,954
18,1723,966
18,1724,918
18,1725,933
18,1726,875
18,1727,864
18,1728,953
18,1729,841
18,1730,907
18,1731,997
18,1732,833
18,1733,977
18,1734,827
18,1735,960
18,1736,825
18,1737,861
18,1738,967
18,1739,911
18,1740,822
18,1741,942
18,1742,993
18,1743,960
18,1744,990
18,1745,927
18,1746,856
18,1747,812
18,1748,991
18,1749,899
18,1750,872
18,1751,884
18,1752,937
18,1753,956
18,1754,980
18,1755,801
18,1756,926
18,1757,889
18,1758,856
18,1759,902
18,1760,964
18,1761,933
18,1762,880
18,1763,819
18,1764,866
18,1765,828
18,1766,916
18,1767,858
18,1768,842
18,1769,983
18,1770,821
18,1771,845
18,1772,997
18,1773,924
18,1774,829
18,1775,864
18,1776,845
18,1777,922
18,1778,945
18,1779,911
18,1780,948
18,1781,829
18,1782,929
18,1783,997
18,1784,952
18,1785,911
18,1786,900
18,1787,960
18,1788,935
18,1789,987
18,1790,980
18,1791,946
18,1792,903
18,1793,872
18,1794,834
18,1795,875
18,1796,823
18,1797,901
18,1798,951
18,1799,958
18,1800,833
19,1801,903
19,1802,977
19,1803,999
19,1804,830
19,1805,903
19,1806,858
19,1807,897
19,1808,896
19,1809,815
19,1810,814
19,1811,825
19,1812,859
19,1813,939
19,1814,939
19,1815,968
19,1816,829
19,1817,882
19,1818,870
19,1819,885
19,1820,942
19,1821,984
19,1822,914
19,1823,966
19,1824,967
19,1825,885
19,1826,884
19,1827,888
19,1828,954
19,1829,999
19,1830,977
19,1831,973
19,1832,917
19,1833,998
19,1834,847
19,1835,825
19,1836,1000
19,1837,996
19,1838,921
19,1839,911
19,1840,998
19,1841,927
19,1842,946
19,1843,935
19,1844,882
19,1845,871
19,1846,941
19,1847,834
19,1848,908
19,1849,943
19,1850,824
19,1851,940
19,1852,947
19,1853,931
19,1854,815
19,1855,875
19,1856,912
19,1857,841
19,1858,935
19,1859,865
19,1860,825
19,1861,933
19,1862,829
19,1863,831
19,1864,844
19,1865,909
19,1866,861
19,1867,823
19,1868,878
19,1869,953
19,1870,897
19,1871,950
19,1872,986
19,1873,985
19,1874,993
19,1875,940
19,1876,810
19,1877,978
19,1878,923
19,1879,965
19,1880,973
19,1881,980
19,1882,906
19,1883,914
19,1884,824
19,1885,876
19,1886,868
19,1887,950
19,1888,962
19,1889,826
19,1890,835
19,1891,831
19,1892,896
19,1893,846
19,1894,817
19,1895,833
19,1896,877
19,1897,809
19,1898,803
19,1899,872
19,1900,957
20,1901,963
20,1902,901
20,1903,830
20,1904,984
20,1905,943
20,1906,905
20,1907,855
20,1908,978
20,1909,883
20,1910,893
20,1911,892
20,1912,851
20,1913,873
20,1914,971
20,1915,814
20,1916,961
20,1917,903
20,1918,857
20,1919,822
20,1920,926
20,1921,867
20,1922,937
20,1923,811
20,1924,906
20,1925,841
20,1926,965
20,1927,983
20,1928,890
20,1929,939
20,1930,901
20,1931,863
20,1932,920
20,1933,931
20,1934,897
20,1935,946
20,1936,872
20,1937,832
20,1938,895
20,1939,833
20,1940,994
20,1941,891
20,1942,939
20,1943,803
20,1944,900
20,1945,980
20,1946,817
20,1947,872
20,1948,935
20,1949,962
20,1950,858
20,1951,818
20,1952,828
20,1953,913
20,1954,832
20,1955,982
20,1956,977
20,1957,903
20,1958,943
20,1959,841
20,1960,970
20,1961,964
20,1962,985
20,1963,815
20,1964,877
20,1965,852
20,1966,986
20,1967,875
20,1968,816
20,1969,880
20,1970,859
20,1971,879
20,1972,969
20,1973,895
20,1974,953
20,1975,987
20,1976,807
20,1977,836
20,1978,979
20,1979,836
20,1980,963
20,1981,962
20,1982,930
20,1983,984
20,1984,878
20,1985,866
20,1986,961
20,1987,801
20,1988,880
20,1989,841
20,1990,906
20,1991,992
20,1992,964
20,1993,817
20,1994,939
20,1995,803
20,1996,889
20,1997,905
20,1998,955
20,1999,898
20,2000,843
21,2001,853
21,2002,886
21,2003,936
21,2004,870
21,2005,879
21,2006,940
21,2007,807
21,2008,980
21,2009,936
21,2010,902
21,2011,858
21,2012,923
21,2013,989
21,2014,870
21,2015,872
21,2016,974
21,2017,907
21,2018,976
21,2019,893
21,2020,838
21,2021,980
21,2022,810
21,2023,914
21,2024,941
21,2025,812
21,2026,853
21,2027,973
21,2028,823
21,2029,962
21,2030,890
21,2031,958
21,2032,996
21,2033,844
21,2034,919
21,2035,983
21,2036,983
21,2037,877
21,2038,835
21,2039,845
21,2040,856
21,2041,992
21,2042,972
21,2043,904
21,2044,862
21,2045,917
21,2046,870
21,2047,867
21,2048,805
21,2049,881
21,2050,832
21,2051,851
21,2052,844
21,2053,975
21,2054,939
21,2055,990
21,2056,969
21,2057,947
21,2058,912
21,2059,956
21,2060,984
21,2061,935
21,2062,963
21,2063,914
21,2064,816
21,2065,902
21,2066,810
21,2067,810
21,2068,854
21,2069,959
21,2070,933
21,2071,964
21,2072,958
21,2073,915
21,2074,814
21,2075,959
21,2076,916
21,2077,813
21,2078,993
21,2079,852
21,2080,812
21,2081,876
21,2082,882
21,2083,971
21,2084,896
21,2085,945
21,2086,822
21,2087,845
21,2088,963
21,2089,986
21,2090,974
21,2091,872
21,2092,807
21,2093,968
21,2094,838
21,2095,939
21,2096,997
21,2097,899
21,2098,961
21,2099,997
21,2100,982
22,2101,843
22,2102,858
22,2103,970
22,2104,914
22,2105,823
22,2106,856
22,2107,816
22,2108,965
22,2109,825
22,2110,855
22,2111,890
22,2112,829
22,2113,956
22,2114,861
22,2115,888
22,2116,810
22,2117,847
22,2118,940
22,2119,964
22,2120,916
22,2121,934
22,2122,852
22,2123,1000
22,2124,862
22,2125,809
22,2126,970
22,2127,847
22,2128,989
22,2129,952
22,2130,895
22,2131,981
22,2132,909
22,2133,998
22,2134,864
22,2135,805
22,2136,830
22,2137,903
22,2138,916
22,2139,801
22,2140,893
22,2141,980
22,2142,812
22,2143,846
22,2144,957
22,2145,915
22,2146,868
22,2147,869
22,2148,895
22,2149,976
22,2150,835
22,2151,935
22,2152,952
22,2153,905
22,2154,879
22,2155,911
22,2156,876
22,2157,817
22,2158,906
22,2159,871
22,2160,985
22,2161,852
22,2162,940
22,2163,912
22,2164,919
22,2165,876
22,2166,840
22,2167,963
22,2168,950
22,2169,819
22,2170,850
22,2171,844
22,2172,810
22,2173,989
22,2174,965
22,2175,886
22,2176,990
22,2177,914
22,2178,892
22,2179,1000
22,2180,995
22,2181,890
22,2182,930
22,2183,913
22,2184,842
22,2185,817
22,2186,811
22,2187,977
22,2188,803
22,2189,887
22,2190,836
22,2191,958
22,2192,841
22,2193,927
22,2194,904
22,2195,968
22,2196,994
22,2197,969
22,2198,859
22,2199,882
22,2200,925
X,2201,912
X,2202,912
X,2203,805
X,2204,898
X,2205,876
X,2206,928
X,2207,902
X,2208,827
X,2209,841
X,2210,880
X,2211,994
X,2212,969
X,2213,836
X,2214,988
X,2215,841
X,2216,989
X,2217,806
X,2218,909
X,2219,879
X,2220,847
X,2221,813
X,2222,931
X,2223,973
X,2224,838
X,2225,921
X,2226,897
X,2227,963
X,2228,844
X,2229,977
X,2230,935
X,2231,846
X,2232,833
X,2233,834
X,2234,829
X,2235,936
X,2236,874
X,2237,927
X,2238,980
X,2239,898
X,2240,914
X,2241,810
X,2242,867
X,2243,940
X,2244,810
X,2245,950
X,2246,984
X,2247,935
X,2248,809
X,2249,925
X,2250,814
X,2251,945
X,2252,889
X,2253,935
X,2254,1000
X,2255,919
X,2256,878
X,2257,844
X,2258,880
X,2259,804
X,2260,994
X,2261,983
X,2262,989
X,2263,873
X,2264,806
X,2265,967
X,2266,858
X,2267,909
X,2268,988
X,2269,898
X,2270,969
X,2271,841
X,2272,813
X,2273,901
X,2274,953
X,2275,812
X,2276,990
X,2277,811
X,2278,827
X,2279,826
X,2280,948
X,2281,853
X,2282,827
X,2283,876
X,2284,985
X,2285,886
X,2286,936
X,2287,805
X,2288,800
X,2289,839
X,2290,998
X,2291,978
X,2292,825
X,2293,819
X,2294,850
X,2295,832
X,2296,896
X,2297,838
X,2298,920
X,2299,985
X,2300,902
Y,2301,886
Y,2302,919
Y,2303,865
Y,2304,939
Y,2305,807
Y,2306,896
Y,2307,912
Y,2308,808
Y,2309,916
Y,2310,967
Y,2311,896
Y,2312,883
Y,2313,904
Y,2314,905
Y,2315,963
Y,2316,916
Y,2317,995
Y,2318,890
Y,2319,807
Y,2320,988
Y,2321,833
Y,2322,844
Y,2323,973
Y,2324,879
Y,2325,988
Y,2326,878
Y,2327,878
Y,2328,920
Y,2329,926
Y,2330,996
Y,2331,883
Y,2332,976
Y,2333,956
Y,2334,973
Y,2335,853
Y,2336,899
Y,2337,952
Y,2338,946
Y,2339,891
Y,2340,917
Y,2341,824
Y,2342,941
Y,2343,974
Y,2344,899
Y,2345,872
Y,2346,870
Y,2347,813
Y,2348,801
Y,2349,836
Y,2350,801
Y,2351,898
Y,2352,989
Y,2353,813
Y,2354,818
Y,2355,856
Y,2356,894
Y,2357,887
Y,2358,879
Y,2359,865
Y,2360,881
Y,2361,980
Y,2362,893
Y,2363,961
Y,2364,928
Y,2365,801
Y,2366,839
Y,2367,883
Y,2368,867
Y,2369,936
Y,2370,885
Y,2371,880
Y,2372,857
Y,2373,858
Y,2374,960
Y,2375,826
Y,2376,923
Y,2377,803
Y,2378,847
Y,2379,896
Y,2380,815
Y,2381,940
Y,2382,814
Y,2383,965
Y,2384,879
Y,2385,821
Y,2386,913
Y,2387,982
Y,2388,934
Y,2389,952
Y,2390,855
Y,2391,978
Y,2392,840
Y,2393,923
Y,2394,874
Y,2395,846
Y,2396,976
Y,2397,805
Y,2398,921
Y,2399,982
Y,2400,984
